username,rating,comment
deshopvy,5,"Performa:Bagus
Cocok Untuk:Rambut
Tekstur:Lembut

Packing aman bubblewarpnya tebel, dapet bonus lg serum keratin.. Dapet harga pas sale 7.7 mantap.. Semoga lurusnya awet.. Bener2 lurus dan panas"
j*****_,4,"Performa:ok
Cocok Untuk:rambut
Tekstur:ok

Bagus juga. Cuman awalnya ga nyala lampu indikator,, tapi ternyata harus d tekan baru dorong.. overall ok sih. Bisa mengatasi rambut singakuğŸ˜‚"
s*****i,5,"Tekstur:sesuai
Performa:top banget
Cocok Untuk:meluruskan rambut

Sangat praktis untuk merapikan rambut, dalam 5 menit rambut lurus rapi. Lanjut menggunakan catokan untuk merapikan ujung rambut saja."
n*****y,5,Yg barcodenya gk bisa diakses. Lumayan bisa lurusin rambut cepet drpd pake catok. Minusnya dia kurang maksimal di deket akar rambut. Kalo digoyang ada suara cetak cetok. Semoga awet
r*****2,5,"Cocok Untuk:meluruskan rambut
Tekstur:baik
Performa:sedang

Kalau di rambut saya harus ekstra karena tebel banget. Jadi kalau cuma di sisir2 gitu doank gak bisa uy tetep ngembang. thanks seller."
v*****y,5,"Cocok Untuk:meluruskan rambut
Tekstur:bagus
Performa:sip

Untuk yg mau beli, sebaiknya gunakan vitamin rambut atau minyak rambut dulu ketika hendak menggunakan ya karena panasnya memang benerÂ² ngebantu ngelurusin rambut lho.ğŸ˜ŠğŸ˜"
ekadryastiti,5,"Performa:sangat baik
Cocok Untuk:sangat baik
Tekstur:sangat baik

Amat sangat membantu"
f*****e,5,Kualitas produk sangat baik. Bagus. Sangat berguna. Beneran works dalam 5 menit saja. Packing oke. Pengiriman oke. Recommended!
n*****o,3,"Cocok Untuk:rambut ikal
Performa:biasa
Tekstur:lurus mengembang

Maaf aku kasi bintang 3 soalnya aku pikir bisa jadi lurus dan jatuh tergerai kayak abis dismoothing. Jadinya emang lumayan lurus sih, cuma rambutku kasar dan mengembang kayak singa"
v*****n,5,"Performa:oke
Tekstur:oke
Cocok Untuk:rambut

Mendarat dengan selamat walau pun telat 12 jam.. terima kasih"
dini_galeri,5,"Rambutku tuh ga keriting cuma tebel dan ngembang apalagi kalo habis keramas jadi kayak singa, sisirnya bantu banget rambut jadi lurus lembut. Thanks"
kristinatitin15,5,"Tekstur:lurus dan gelombang
Cocok Untuk:semua
Performa:bagus

Selama beberapa hari dipakai aman, panas juga 
Semoga kedeppan aman dan tdk ada kerusakan

Packingnya juga aman
Hasil catokan lurus, tp lurusnya beda dg catokan biasa"
prany,5,"Tekstur:Ada sedikit bekas kotor
Performa:Oke
Cocok Untuk:Rambut sulit diatur

Udh dicoba dan hasilnya bagus."
w*****t,5,"Cocok Untuk:rambutku

produk sampai dgn selamat, packingnya sayang kurang safety ya meskipun bubble wrap udah tebel.
produk berfungsi dgn baik."
nizaullatifah,5,Mantap panasnya cepat sekaliiğŸ¥° tdk ada masalah kalo philips mah ğŸ«¡
r*****a,5,"Cocok Untuk:Keringkan rambut
Tekstur:Baik
Performa:Baik

Semoga awet ..."
yudianatadewi,5,"Mudah di gunakan, berfungsi dengan baik, panas merata, pengiriman baik"
mareeama,5,"Tekstur:halus
Performa:cakeppp
Cocok Untuk:merapikan rambut ala sat set sat set

Packing sih biasa aja, mengingat ini barang elektronik. Kualitas barang emang g perlu diragukan lg brand yg 1 ini. Maksih seller n kurir"
syoneitha,5,"Tekstur:baik
Cocok Untuk:rambut ikal dan keriting
Performa:baik"
f*****g,4,"Cocok Untuk:rambut
Performa:baik
Tekstur:baik

Lumayan bagus sih. Cocok untuk rambut saya yg habis keramas selalu ngembang. Terima kasih"
shabrinakh,5,Pengiriman lama banget jujur. Kecewa sih. Barang aman. Hanya di bubble wrap aja. Berfungsi normal.
d*****2,4,"Performa:belum dicoba semoga sesuai

Semoga awet dan sesuai ekspektasi"
t*****a,5,Lurusnya natural... tapi tipikal rambut aku emang rambut lurus cuman krn aku gk suka rambut ngembang kek singa makanya beli produk ini... pertama kali nyoba bagus sih..panasnya juga gk yg panas pakai banget kek kalau Makai catokan :)
y*****3,5,"Performa:bagus
Cocok Untuk:rambut ngembang
Tekstur:bagus

Begiti sampai langsung dicoba, cepat panas. Rambut ngembang jd rapi ğŸ˜ aga berat ya. Tapi hasilnya bagus"
turi_m,5,"Cocok Untuk:rambut yang lebih lurus
Performa:lumayan, tapi beberapa menit balik lagi kebentuk semula
Tekstur:padat

Hadiahnya tidak ada...Hasil lulusnya lebih cepat drpd nyatok rambut, taoi beberapa menit kemudian balik lagi kebentuk awal, hrs pake obat atau rangakain treatment untuk pelurus rambut"
voyage_shop,5,Pengiriman cepat barang sesuai gambar  semoga bisa repeat order ya
a*****i,5,
t*****i,4,"Cocok Untuk:merapihkan rambut
Performa:baguss
Tekstur:bagus

Baguss"
m*****8,5,
d*****a,5,Barang sdh sampai rumah tp saya masih di luar kota jd blm bisa dipakai... Semoga seperti yg diinginkan... Terima kasih seller
k*****a,4,Sudah coba dan bagus. Terimakasih barang sampai dengan selamat.....
r*****z,5,"Barangnya bagus, cuma pengirimannya aja yg perlu improve"
l*****i,5,"Cocok Untuk:rambut singa

Berfungsi baik"
d_puspita2507,5,
qojon,5,"Performa:bagus
Cocok Untuk:rambut

Cocok"
sajobintang,5,"moment of the truth, aku pny type hair itu dry, ngembang. 

Sblm itu pake heat protector biar ga rusak, so this far aku cocok, even itu ga sampe bikin lurus bgt, tp lmyn jadi rapih. 

disclaimer: ini bukan keq ke salon, bisa lgsg selurus itu dan back to type rambutnya masing"" ya

ya alat ini membantu buat cewek yang pen rapih rambutnya. 

thank u"
arkanarizki88,5,"Packing safety bgt, brang brfungdi dgn baik, dot cashback jg , tq hadiahnya seller"
my_preloved_toys,5,Keren... Hasilnya sekejap jd kece. G perlu k salon lg catok2 panas2an ğŸ˜ğŸ˜ğŸ˜
i*****h,1,Baru beberapa hari sudah tidak bisa digunakan.. seller cuma ngarahin ke consumer ec yg cuma ada di jawa
i*****a,5,"barangnya bagus, diskonnya gede bgt sampe 90% pas 7.7 thankss philips dan shopee"
vyandraa,5,"Cocok Untuk:merapikan rambut dgn cepat
Performa:berfungsi dgn baik"
c*****s,5,"Performa:cepet rapih

panas nya cepet, sisir rambut jd lurus juga beneran cepet. pelayanan cs nya jg cepet dan jelas. tq ya. sukses terus"
r*****a,4,"Ternyata bulky bentuk sisirnya dan cukup berat. Kalau biasa pakai catokan, akan merasa kurang pakai ini, karena selain cukup berat, juga tetap agak mengembang hasil rambutnya. Tapi lumayan kalo lagi buru2, tinggal disisir pakai ini saja, jadi lurus rapi deh rambutnya. Thanks seller"
1*****v,5,Produk bagus. Lumayan membantu merapikan rambut. Panasnya juga bs diset sesuai keinginan. Recommended product!
d*****n,4,"Digambar dpt free, tp setelah buka paket ga dpt free nya"
esthi_pratidina,5,"Tekstur:bagus
Performa:baik
Cocok Untuk:rambut lebih rapi

produk bagus dan original,pengiriman cepat dan aman di beri bubble wrap"
landranefertiti,5,"Performa:bagus
Cocok Untuk:rambut

Sumpah ngga nyesel belinya...meskipun lumayah mahal harganya...tapi worth it sekali
Seller cepet bgt kirimnya...semoga selalu amanah...sukses selalu
Makasih shopee...semoga tetep jaya 
Makasih mas kurir"
suzan.n24,5,"Performa:bagus, cepat panas.
Tekstur:baik, tidak membuat rambut kering
Cocok Untuk:rambut panjang atau pendek

Pengiriman  cepat, packing rapi. 
Produk rambut dari Philips memang sudah terbukti bagus.
Semua produk perawatan rambut saya Philips semua."
w5a67zz2sd,3,"Cocok Untuk:rambut curly

Platnya besar....agak kesulitan saat pemakaian. Untuk rambut tipis mantap lah.  Boros listrik juga....butuh arus listrik yg lumayan besar..."
a*****_,5,"baguss, dateng langsung tak coba bentar, ternyata ngaruh .."
i*****i,5,Barang bagus bisa di pakai dengan baik silakan mencoba guys makasih banyak kakak
n*****_,4,"Produk sih ori cuma heran, masa official store kirim barang dgn dus yg bonyok gini. Untung barang ga rusak"
e*****a,5,"Cocok Untuk:Daily hairdo, rambut ikal, lurus
Tekstur:Lembut, rapi
Performa:Bagus"
s*****a,5,"Cocok Untuk:rambut susah di atur
Performa:panas cepat, stlh pemakaian rambut JD rapi & berkilau.
Tekstur:bahan bagus

Mudah di pakai, panas cepat tersalur, rambut bs lurus natural, terlihat rapi, berkilau & mengembang"
debra_olivia,5,"Cocok Untuk:merapikan rambut
Performa:bekerja dengan baik"
p*****1,5,"Cocok Untuk:Orang dewasa
Tekstur:-
Performa:Mantap

Barang oke, pengiriman cepat, berfungsi dengan baik... â¤ï¸ Mantap"
erjul2,5,"Cocok Untuk:rambut yg kurang lurus
Tekstur:bagus
Performa:mantap

begitu dicoba, rambut saya auto lurus dan rapi. ih keren"
i*****i,4,Pengiriman sangat buruk. Terlambat 6 hari tapi tidak ada kejelasan dari ekspedisi. Sicepat tidak memberikan solusi. Pelayanan ekspedisi sangat buruk
s*****a,4,"Tekstur:keras dan padat
Cocok Untuk:Rambut
Performa:Lumayan oke

Dengan harga 700 ribu menurut aku kurang wort it, Pemakaian mudah, membantu mengeringkan rambut yang setengah kering, dan bagudnya tidak ada bau gosong.
Packingnya standart, pke buble wrap tetapi gak dibungkus kardus lagi pafahal harganya kan mahal.
Saran lebih safety lagi Min

Thank u"
o*****e,5,"Tekstur:bagus
Cocok Untuk:SU
Performa:bagus

Packing ok, pelayanan penjual ok, kurir ok.
Ok lah."
w*****i,5,"Alhirnya samapi juga lama ya ngirimnya, untuk heated brush ini aman kok"
0*****y,4,"Free tressme nyaa Ndak ada yaa kk . Maaf yaa kk ,memang harga sesuai kualitas, tp kalau berat ngasih free ,jangan di iming""kan yaa kk . Kasian kecewa ntr di harepin loo mbaa"
y*****e,5,"Alat-nya bagus. Tapi bonus Tresemme Keratin Mask tidak ada di dalam paket.
Di dalam box, user manual-nya ada 2."
m*****y,5,mayanlah menghemat waktu. cuma minusnya ini gabisa ngeblow ke dalamğŸ¥²
h*****m,5,"Tekstur:Oke
Cocok Untuk:Semua jenis rambut
Performa:baik

Setelah mencobanya rambut terasa lembut, ringan dan lurus dan penggunaannya pun sangat praktis, bisa digunakan sehari-hari juga dan bisa dibawa kemana-mana. Untuk Tokonya mantap banget responsif, ramah dan packing rapi. Proses penyerahan barang ke kurir juga cepat sehingga barang cepat sampai ke tujuan. Terimakasih ğŸ™"
chocodegree_anneke,4,Semoga awet aman dan teekendali. Buat ngeeapiin rambut singa
d*****0,5,Pas dapet harga diskon. Kualitasnya tidak diragukan lagi. Sudah dicoba dan berfungsi sempurna. Terima kasih!
aldinama,5,"OMG kenapa baru tau ada produk secanggih ini ğŸ˜‚cepet bgt ngelurusin rambutnya, panasnya jg msh batas normal.. super worth it sih ini ğŸ˜"
wandalim,5,Barang sesuai dengan pesanan. Packing dan pengirimannya juga lumayan baik. Terima kasih seller. Semoga bisa berlangganan kembali.
user29932999,4,"Cocok Untuk:merapikan rambut
Performa:sesuai ekspektasi

cocok utk yang gamau ribet dan yang pengen rambut asal rapih aja. ini agak ada dent sedikit ngelopek, tapi fungsi lain aman aja"
d*****j,5,"Tekstur:ok
Cocok Untuk:rambut
Performa:lumayan

Seperti sisir pada umumnya, cuma ini ada panasnya bisa utk lurusin rambut, tapi hasilnya beda sama catokan rambut, catokan lurus banget, kalo ini biasa aja"
a*****a,5,"Performa:Bagus cepat panas dan tahan lama dirambut
Cocok Untuk:Meluruskan dan merapihkan rambut dengan sat set 5 menit selesai
Tekstur:Keras kokoh

Philips gausah diragukan ya gaes ya, lunayan beli pas lagi 790an dan dapat bonus bioderma, packing juga aman bw tebal."
olivequ24,5,"Performa:bagus
Cocok Untuk:meluruskan rambut

Langsung dicoba ke rambutqu yg ikal lgs lurus. Nunggu alat panas cuma sebentar. Mantap.... Dari dulu pengen bl br bisa kesampaian sekarang. Semoga awet. Terima kasih reseller."
m*****n,5,"Wahh ini catokan nya lumayan besar, rambut aku yg kriting bgt lurus dlm 15 menit biasanya btuh 3 jam ğŸ¤£ğŸ¤£ğŸ¤£ knp ga dr dlu sih beli"
n*****y,5,"Cocok Untuk:yg gak punya waktu banyak tapi rambut harus rapih badai
Performa:ok banget
Tekstur:sisir tidak berat dan hasil rambut jadi halus"
k*****o,5,"Untung sampe sebelum lebaran. Aman, ga ada yang rusak sejauh ini"
j*****a,5,"Cocok Untuk:rambut ikal

Baguss, panasnya cepat bikin rambut lurus, semoga awet, cuma ga dapet gratis miscelar water aja sih wkt lg promo, overall barang mantap"
a*****2,5,"Cocok Untuk:Meluruskan rambut
Tekstur:OK
Performa:Baik"
m*****e,5,"Baru pertama x coba produk Phillips Heated Straightening Brush, dan klo uda dipanas 180-200Â° ada keluar asap"
h*****a,5,"Produk diterima dengan baik, lengkap ada kartu garansi juga. Setelah dicoba akan di update lagi."
linda.heni,5,"Performa:bagus
Cocok Untuk:rambut

Terimakasih barang sudah sampai dengan cepat  dan sudah di coba berfungsi dengan baik dan harga diskon juga"
i*****1,5,"Tekstur:lebih dari tipe sebelumnya
Performa:Baik
Cocok Untuk:tipis dan ngembang

Rambut tebal.. gelombang (ikal )dan ngembang..

Engg panas walau kena kulit kepala.. walau cara pemakain tidak di anjurkan kena kulit kepala pada suhu (150-170) 200 engg berani coba..
Yg tebal dan cukup panjang berulang di sisir.. mungkin waktunya 10an mnt
Mesin cepat panas : lampu (putih) berhenti kedap - kepid bisa langsung pakai
 
Rambut ngembang tebal.."
jayanti2g,5,Semoga berfungsi dengan baik belum di coba
j*****v,5,Berfungsi dengan baik. ğŸ‘ŒğŸ¼
annafebryna,5,Cocok Untuk:rambut
ninalog,5,
angellasai,5,BAGUS BANGET
4*****2,5,
mendrofa_2028,5,Bagus alatnya
rosvianinanin,5,Performa:semua berfungsi dgn baik
ayuadistha,5,blm dicoba
threfi,5,
m*****3,5,Cocok Untuk:setiap ketebalan rambut
silvaniasilvakiki,5,Sangat bagus
a5shop13,5,Masih dicoba
r*****a,5,"Sumpah ini pertama kalinya beli sisir catok gini dan ternyata gila sih sebagus itu..ğŸ˜
Gak pernah nyangka sama hasilnya sesuai sama ekspetasi..â¤ï¸"
rahmatfri123,4,"Cocok Untuk:rambut ikal

Smoga g trouble.."
nymahe,5,"ï¿¼

Menu

Cari

ï¿¼

5 MANFAAT ARGAN OIL UNTUK RAMBUT KUSAM DAN RUSAK

KARENA SERING TERKENA PAPARAN MATAHARI

Cuaca panas sangat memengaruhi kondisi rambut. Sinar matahari memiliki efek buruk di antaranya warna rambut kusam dan terasa kering serta sulit diatur. Merawat rambut bisa dengan memanfaatkan bahan alami, misalnya dengan shampo yang mengandungÂ argan oilÂ karena sejatinya ada segudang manfaat argan oil untuk rambut.

Lihat Juga :Â 7 Cara Memakai Conditioner Rambut yang Tepat

Bahan ini memiliki nama lainÂ liquid goldÂ (cairan emas), yang berasal dari biji dari buah argan yang tumbuh di Maroko. Apa kegunaan argan oil untuk rambut? Argan oil sudah lama menjadi rahasia kecantikan wanita Moroko. Di Maroko sendiri Argan Oil dijadikan sebagai salah satu produk yang bisa meningkatkan ekonomi. Bahkan argan oil sempat menjadi barang langka karena hanya bisa ditanam di bagian barat Maroko. Itulah sisi lain kegunaan argan oil untuk rambut yang ada kaitannya dengan ekonomi. Namun, rekomendasi argan oil untuk rambut yang baik dan berkualitas juga banyak yang bisa dijadikan pilihan dan kira - kira, kapan memakai argan oil untuk rambut kita?

ï¿¼

Apa Saja Manfaat Argan Oil untuk Rambut?

Berkat khasiatnya yang sudah dikenal sejak lama bukan hanya untuk kulit dan kesehatan tapi juga rambut. Bahkan sekarang banyak produk rambut yang dilengkapi dengan bahan satu ini.

1

KANDUNGAN UTAMA ARGAN OILÂ 

Hal yang membuat minyak argan begitu spesial karena kandungan asam di dalamnya seperti asam linoleat, asam oleat, asam palmitat, dan asam stearat. Ditambah lagi beta karoten, omega-3, vitamin E hingga xantofil yang bisa menjaga kesehatan rambut. Tak heran jika minyak argan sekarang digemari. Apa saja ya manfaat argan oil untuk rambut?

2

RAMBUT TERLINDUNGI DARI PAPARAN SINAR MATAHARI

Sejak dulu wanita Maroko percaya jika manfaat arganÂ oilÂ untuk rambut membantu memberikan perlindungan pada kulit kepala dan rambut dari paparan radikal bebas dan panasnya sinar matahari. Ini berkat kandungan antioksidan berupa vitamin E pada minyak argan yang menghindari rambut jadi kering dan rusak karena sinar matahari.

3

RAMBUT HALUS DAN MUDAH DIATUR

Ingin punya rambut terasa halus dan mudah diatur jadi tidak kusut setiap hari? Manfaat argan oil untuk rambut itulah yang bisa kamu rasakan. Salah satu alasannya karena terdapat vitamin E pada minyak argan yang melapisi kulit kepala dan rambut."
cuwiciz,5,Cocok Untuk:oke
f*****f,5,
s*****i,5,
rumahvitaminoriginal,5,
fhatika,5,
poozy,3,
lilie_srirejeki,5,
l*****a,5,
m*****y,5,
dhitarurinadistyaningsih,5,
agustiyaermawati,5,
l*****2,5,
hana_jazzhole,5,
elfidarahmi,5,
m*****i,5,
sarahnasyahatun,5,
x*****e,5,
angelinewongsonegoro,5,
celaable,5,
i*****m,5,
f*****a,5,
deviramandey,5,
w*****5,5,
naomimegumi,5,
f*****a,5,
l*****a,5,
h2.soh,5,
u*****l,5,
utiek87,5,
erna13021980,5,
y*****d,5,
yuvanticandrawijaya,5,
s*****t,5,
calvieroshop,5,
iwishproject,5,
dianov14,5,
jessichanie,5,
dita_1992,5,
dilianti_eka,5,
mariasuci,5,
yansiscafransisca85,5,
lionelfilbert,5,
mama_ibul,5,
siabila,5,
rani.iswara_940723,5,
etika060788,5,
kimencimen,5,
ezzy_olshop,5,
claudiiaisabellachin,5,
v*****p,5,
novietangkilisanratmoko,5,
r*****h,5,
id7367_19587,5,
vennisilvia,5,
vennyunt1109,5,
l*****i,5,
g*****3,5,
cinthia_lee,5,
vinanggreani,5,
chrestellac,5,
mega.elisa,5,
laurensia.d,5,
mariariri,5,
gitapramesrani,5,
karmila_18,5,
hayuningrum,5,
gavinpratamajaya,5,
r*****8,5,
apriliarfd,5,
indri1788,5,
getsugatsu,5,
riakinanthi,5,
renyph28,5,
friendlyaromatix,5,
c*****m,5,
madedewimeyliawati,5,
k*****2,5,
refanshion2021,5,
n*****n,5,
erlin1987,5,
deko.prawijaya87,5,
27yesi12muktiari,5,
cinthia_lee,5,
friendlyaromatix,5,
getsugatsu,5,
renyph28,5,
riakinanthi,5,
sie_ata,5,
c*****m,5,
jojor_kg08,5,
yennysugiarto,5,
mekarwiantara,5,
birghittanonni,5,
98dg31cv0b,5,
chachiella,5,
nengciqoq,5,
imantikachristinaa,5,
fetrianaleay,5,
liesyelestari,5,
r*****b,5,
ryassz,5,
blink_link,5,
juliaranny84,5,
t*****s,5,
y*****0,5,
rincizoe,5,
aripiknik,5,
rhanie_rhanie,5,
ardianty632,5,
p*****u,5,
r*****a,5,
c*****3,5,
fany97,5,
yennysetiawati26490,5,
s*****i,5,
hanyaqoqom,5,
m*****6,5,
fraditaeka,5,
ki_desta,5,
arpina1804,5,
mrs.ayasendy,5,
murtia.widianto,5,
d*****0,5,
m*****y,5,
m*****h,5,
a*****q,5,
violla_shopcollection,5,
risdapakpahan,5,
khaisept,5,
d*****i,5,
yennipuspitawati,5,
silkya.shop,5,
veevoo19,4,
irmasavirasouisay,4,
ayuchintyanadewi,4,
dewishopiaok,5,
andizeuscallisto,5,
eitheen.id,5,
putri.mp,5,
d*****y,5,
alvikafd,5,
dianayulianijezfin,5,
polman.verapasaribu,4,
linasanialiu,4,
anaoktaillah,5,
c*****n,4,
tatacalista,5,
awexss,4,
c*****9,5,
clara95,5,
itatriayu,5,
gitapurana,5,
kristianiris,4,
jusepto,5,
mettacam,4,
y*****e,5,
faraghtaly,5,
anggaadi7,5,
inesia_sara,4,
shirley74,5,
f*****i,5,
corryjolemal,5,
a*****8,5,
d*****t,5,
deviroshindra,5,
heriyatikentjana,5,
nurul_aulia100,4,
h*****h,5,
pdmvml,5,
n*****9,4,
i*****a,5,
hanayuliana_77yaho,5,
d*****i,5,
tropecosmetics,5,
videlyne,5,
anne.222,5,
fitrimamaninta,5,
t*****i,5,
reginalvt,5,
desia.yanti,5,
prayudhani13,5,
aditbubu2,5,
jennytasya,5,
lilysiaucen,5,
a*****4,5,
dewikanisa,5,
i*****k,5,
j*****2,5,
d*****o,5,
theresia2104,5,
n0v1_mauliana,4,
merrychia1,5,
ghoniyus33,5,
i*****i,5,
debbydiko,5,
monicagitta,4,
ireneprasetyo,5,
vina.y_15,5,
dinaanovia,5,
reviska84,5,
erinnugroho,5,
vivihong90,5,
vivihong90,5,
prizaekawati,5,
a*****r,5,
y*****1,5,
y*****m,5,
ferrafarida,5,
dheaaimaniarr,4,
eva910,5,
puspita.mayasari,5,
renivincent,5,
beningskincarearaya,5,
aniesamaretta,4,
ahsanakmal99_,5,
jessicaf_05,5,
kdeindah.dwigunati,5,
inrawatisihotang,5,
dwityapada,5,
waty1378,5,
ristyml13,5,
flukeeveret,5,
s*****j,4,
a*****n,5,
felixjp1901,5,
mine07061607,5,
bustra10,5,
oqu5880427,5,
t*****0,5,
rism4widya,5,
33v66o9702,4,
antixhalim,5,
pearlafc,5,
dewiardhiyana,5,
nengdeuiskarisma,5,
yeti_soebyanto,5,
tgrmotorpart,5,
l*****s,5,
novitambunan86,5,
thesherly355,5,
ym_1105,5,
f*****9,5,
intenayu17,5,
uniquerashop,5,
s*****g,4,
jingyi_888,5,
periadi15,3,
dq9gxzmull,5,
lilism1,5,
nissa.twins88,5,
bclin75dbs,5,
lidsssssssssss,5,
febi2083,5,
nishamardha,5,
e*****a,5,
syw4eej9ec,5,
daekoshop,5,
ester_rika,5,
hongchen89,5,
mamaku1968,5,
8srfbwqji8,5,
yudhyap,5,
trisliantytalumewo075,5,
hongchen89,5,
mamaku1968,5,
teramira394,5,
tr7456bw79,5,
mahdira.officialshop,5,
wahidinyus99,5,
mazayadhira,5,
rizafauzirahmanhakim,5,
nurmayasarianwar,5,
adbranded,5,
kartikafindra,5,
8k7g3x9v5m,4,
o*****t,4,
yudianatha,4,
fikwibu,4,
z*****k,4,
d*****i,5,
nelakale,5,
natasyatuasikal18,5,
albertayudithia,5,
y*****i,5,
tettasyauta,5,
aulia.novie2012,5,
damemeryapul,5,
a*****0,5,
l*****s,5,
meylinadepari,5,
dewisitoruss,4,
mi_moo,5,
a*****i,5,
laksmiiwanintyasr,5,
a*****a,5,
e*****7,5,
nunurizal,5,
anie_yuliana,5,
n*****0,5,
d*****9,5,
rikariskiarr31,5,
d*****3,5,
vowzee,5,
putri_indrasuari,5,
diee_nha,5,
siskadwi11,5,
daninugraha7,5,
masayuawukhapsari,5,
i*****n,5,
marwijshop,5,
p*****a,5,
j*****i,5,
herbalsehas,5,
putrimari4wan,5,
i*****a,5,
mutiapatimaharani10,5,
